
<?xml version="1.0" encoding="UTF-8" standalone="yes"?>
<addon id="repository.stvrepo" name="Repositorio STV" version="1.1.0" provider-name="STV">
	<extension point="xbmc.addon.repository" name="Repositorio STV">
		<info compressed="false">https://raw.githubusercontent.com/stvadd/stvrepo/master/addons.xml</info>
		<checksum>https://raw.githubusercontent.com/stvadd/stvrepo/master/addons.xml.md5</checksum>
		<datadir zip="true">https://raw.githubusercontent.com/stvadd/stvrepo/master/</datadir>
	</extension>
	<extension point="xbmc.addon.metadata">
		<summary>Repositorio STV</summary>
   		<description lang="en">Instala todos los addons para STV.</description>
		<disclaimer></disclaimer>
		<platform>all</platform>
	</extension>
</addon>